asset,weight
INSTRUMENT_7,0.5318695147431646
INSTRUMENT_2,0.18007484628050713
INSTRUMENT_9,0.16475813231507122
INSTRUMENT_5,0.06582598201941092
INSTRUMENT_10,0.05747152464184622
INSTRUMENT_1,0.0
INSTRUMENT_3,0.0
INSTRUMENT_4,0.0
INSTRUMENT_6,0.0
INSTRUMENT_8,0.0
