asset,weight
INSTRUMENT_1,0.10760976935889735
INSTRUMENT_10,0.023567616988688436
INSTRUMENT_2,0.07998376841159313
INSTRUMENT_3,0.0995601200698895
INSTRUMENT_4,0.09901311627290396
INSTRUMENT_5,0.12614090826462798
INSTRUMENT_6,0.22375953104821994
INSTRUMENT_7,0.09589975292240187
INSTRUMENT_8,0.10381557898630817
INSTRUMENT_9,0.04064983767646967
