asset,weight
INSTRUMENT_2,0.3229883477828894
INSTRUMENT_1,0.29696507093656854
INSTRUMENT_6,0.27776119352989603
INSTRUMENT_3,0.061946135905282196
INSTRUMENT_5,0.040339251845363897
INSTRUMENT_4,0.0
INSTRUMENT_7,0.0
INSTRUMENT_8,0.0
INSTRUMENT_9,0.0
INSTRUMENT_10,0.0
