asset,weight
INSTRUMENT_2,0.32298834778480945
INSTRUMENT_1,0.2969650709384207
INSTRUMENT_6,0.27776119352866335
INSTRUMENT_3,0.061946135902835237
INSTRUMENT_5,0.0403392518452713
INSTRUMENT_4,0.0
INSTRUMENT_7,0.0
INSTRUMENT_8,0.0
INSTRUMENT_9,0.0
INSTRUMENT_10,0.0
